{
  "tests": [
    {
      "name": "Test 1",
      "setup": "make all",
      "run": "./a.out \"THIS IS A SIMPLE EXAMPLE. DO YOU LIKE THIS EXAMPLE?\" \"EXAMPLE\"",
      "input": "",
      "output": "17 43",
      "comparison": "included",
      "timeout": 10,
      "points": 20
    },
    {
      "name": "Test 2",
      "setup": "",
      "run": "./a.out \"AABAACAADAABAABA\" \"AABA\"",
      "input": "",
      "output": "0 9 12",
      "comparison": "included",
      "timeout": 10,
      "points": 20
    },
    {
      "name": "Test 3",
      "setup": "",
      "run": "./a.out \"LO LOELLO O HELLO\" \"HELLO\"",
      "input": "",
      "output": "12",
      "comparison": "included",
      "timeout": 10,
      "points": 20
    },
    {
      "name": "Test 4",
      "setup": "",
      "run": "./a.out \"GCTTCTGCTACCTTTTGCGCGCGCGCGGAA\" \"CCTTTTGC\"",
      "input": "",
      "output": "10",
      "comparison": "included",
      "timeout": 10,
      "points": 20
    }
  ]
}