{
  "tests": [
    {
      "name": "Test 1",
      "setup": "make all",
      "run": "./a.out \"Was it a cat I saw? Maybe a taco cat?\"",
      "input": "",
      "output": "0 13",
      "comparison": "included",
      "timeout": 10,
      "points": 20
    },
    {
      "name": "Test 2",
      "setup": "",
      "run": "./a.out \"Madam Arora teaches Malayalam\"",
      "input": "",
      "output": "17 9",
      "comparison": "included",
      "timeout": 10,
      "points": 20
    },
    {
      "name": "Test 3",
      "setup": "",
      "run": "./a.out \"abdcbcdbdcbbc\"",
      "input": "",
      "output": "1 7",
      "comparison": "included",
      "timeout": 10,
      "points": 20
    },
    {
      "name": "Test 4",
      "setup": "",
      "run": "./a.out \"DONEC POSUERE PORTA NISI, ID MAXIMUS DIAM TINCIDUNT SED IN GIRUM IMUS NOCTE ET CONSUMIMUR IGNI VESTIBULUM AC ORCI ID ORCI TINCIDUNT\"",
      "input": "",
      "output": "47 32",
      "comparison": "included",
      "timeout": 10,
      "points": 20
    }
  ]
}