{
  "tests": [
    {
      "name": "Test 1",
      "setup": "make all; unzip -o -q test_1.zip",
      "run": "./a.out",
      "input": "",
      "output": "false\r\nfalse\r\ntrue 0 1364\r\ntrue 7 7\r\ntrue 5 1221\r\nfalse\r\n\r\n2 383 354\r\n2 268 348\r\n\r\n8 415 177",
      "comparison": "included",
      "timeout": 10,
      "points": null
    },
    {
      "name": "Test 2",
      "setup": "unzip -q -o test_2.zip",
      "run": "./a.out",
      "input": "",
      "output": "true 2 1196\r\ntrue 2 1249\r\ntrue 0 380\r\nfalse\r\nfalse\r\nfalse\r\n\r\n3 1816 354\r\n6 234 350\r\n\r\n1 917 174",
      "comparison": "included",
      "timeout": 10,
      "points": null
    }
  ]
}