{
  "tests": [
    {
      "name": "Test 1",
      "setup": "make all",
      "run": "./a.out 9 0 0 1 1 1 2 3 4 4 1 3 2 3 4 5 4 2 5 10 10 4 2 8 10 9 6 10 0 5",
      "input": "",
      "output": "19",
      "comparison": "included",
      "timeout": 10,
      "points": 20
    },
    {
      "name": "Test 2",
      "setup": "",
      "run": "./a.out 11 0 0 1 2 1 3 2 3 4 3 4 1 2 2 1 3 2 4 4 3 5 5 10 8 5 4 5 7 10 6 10 3 14 0 5",
      "input": "",
      "output": "15",
      "comparison": "included",
      "timeout": 10,
      "points": 20
    },
    {
      "name": "Test 3",
      "setup": "",
      "run": "./a.out 10 0 0 0 1 1 2 3 3 4 5 1 2 3 4 5 4 4 5 6 6 30 40 50 10 2 20 10 20 40 80 0 6",
      "input": "",
      "output": "62",
      "comparison": "included",
      "timeout": 10,
      "points": 20
    },
    {
      "name": "Test 4",
      "setup": "",
      "run": "./a.out 14 0 0 0 1 1 2 2 2 2 3 4 4 5 5 1 2 3 2 4 1 4 5 3 5 5 6 4 6 5 6 5 2 3 2 3 7 3 5 1 8 1 7 0 5",
      "input": "",
      "output": "13",
      "comparison": "included",
      "timeout": 10,
      "points": 20
    }
  ]
}