{
  "tests": [
    {
      "name": "Test 1",
      "setup": "make all",
      "run": "./a.out 10 -7 -9 -1 -9 -3 -6 -10 -10 -3 9 7 -4 -3 7 6 4 2 8 -9 -8",
      "input": "",
      "output": "-9 -4\r\n-3 6\r\n-10 2\r\n-10 8\r\n-3 -9\r\n9 -8",
      "comparison": "included",
      "timeout": 10,
      "points": 20
    },
    {
      "name": "Test 2",
      "setup": "",
      "run": "./a.out 7 -3 1 -4 5 -1 7 7 -7 -4 4 -7 -6 7 1",
      "input": "",
      "output": "-3 -7\r\n-4 4\r\n5 -7\r\n7 7\r\n7 1",
      "comparison": "included",
      "timeout": 10,
      "points": 20
    },
    {
      "name": "Test 3",
      "setup": "",
      "run": "./a.out 10 7 1 -5 8 6 -4 6 1 -5 9 7 -6 -5 1 -1 -10 5 -6 -4 -2",
      "input": "",
      "output": "7 7\r\n-5 -5\r\n-4 -10\r\n-5 -4\r\n9 -2",
      "comparison": "included",
      "timeout": 10,
      "points": 20
    },
    {
      "name": "Test 4",
      "setup": "",
      "run": "./a.out 9 4 -8 4 4 1 3 1 -3 -10 -3 1 -2 8 7 3 10 6 -9",
      "input": "",
      "output": "4 -3\r\n-8 1\r\n4 8\r\n1 10\r\n-10 -9",
      "comparison": "included",
      "timeout": 10,
      "points": 20
    }
  ]
}