{
  "tests": [
    {
      "name": "Test 1",
      "setup": "make all",
      "run": "./a.out 14 8 2 3 1 6 0 3 2 1 7 5 0 8 7 2 5 5 7 5 1 4 3 2 8 4 7 6 6 2 4 14 11 2 4 9 7 15 7 10 8 6 1 0 4",
      "input": "",
      "output": "0 7 8\r\n7 6 1\r\n6 5 2\r\n5 4 10",
      "comparison": "included",
      "timeout": 10,
      "points": 20
    },
    {
      "name": "Test 2",
      "setup": "",
      "run": "./a.out 13 0 0 1 1 1 2 2 3 3 4 4 4 5 1 2 2 3 4 4 7 4 5 5 6 7 6 1 3 6 5 7 4 1 8 7 6 12 9 2 0 6",
      "input": "",
      "output": "0 1 1\r\n1 3 5\r\n3 5 7\r\n5 6 2",
      "comparison": "included",
      "timeout": 10,
      "points": 20
    },
    {
      "name": "Test 3",
      "setup": "",
      "run": "./a.out 18 0 0 1 1 1 1 2 3 3 3 4 4 5 5 5 7 7 8 1 2 2 3 4 7 4 5 4 7 6 5 6 7 8 8 9 9 1 3 4 4 3 5 6 7 4 5 4 6 2 6 6 5 7 8 2 9",
      "input": "",
      "output": "2 4 6\r\n4 5 6\r\n5 7 6\r\n7 9 7",
      "comparison": "included",
      "timeout": 10,
      "points": 20
    },
    {
      "name": "Test 4",
      "setup": "",
      "run": "./a.out 11 0 0 1 1 1 2 3 3 4 4 5 1 3 2 3 4 4 4 5 5 6 6 7 5 8 9 7 5 15 6 8 9 11 0 6",
      "input": "",
      "output": "0 3 5\r\n3 5 6\r\n5 6 11",
      "comparison": "included",
      "timeout": 10,
      "points": 20
    }
  ]
}