{
  "tests": [
    {
      "name": "Test 1_1",
      "setup": "make all; unzip -o -q test_1.zip",
      "run": "./a.out",
      "input": "",
      "output": "(24, 1)\r\n(9, 2)\r\n(8, 3)\r\n(14, 4)\r\n(2, 5)\r\n(20, 6)\r\n(9, 7)\r\n(15, 8)\r\n(25, 9)\r\n(31, 10)\r\n(37, 11)\r\n(0, 12)\r\n(34, 13)\r\n(2, 14)\r\n(7, 15)\r\n(27, 16)\r\n(13, 17)\r\n(35, 18)\r\n(35, 19)\r\n(9, 20)\r\n(31, 21)\r\n(31, 22)\r\n(15, 23)\r\n(12, 24)\r\n(37, 25)\r\n(0, 26)\r\n(24, 27)\r\n(29, 28)\r\n(23, 29)\r\n(17, 30)\r\n(29, 31)\r\n(27, 32)\r\n(9, 33)\r\n(36, 34)\r\n(9, 35)\r\n(23, 36)\r\n(24, 37)",
      "comparison": "included",
      "timeout": 10,
      "points": 10
    },
    {
      "name": "Test 1_2",
      "setup": "unzip -o -q test_1.zip",
      "run": "./a.out",
      "input": "",
      "output": "0 24\r\n24 37",
      "comparison": "included",
      "timeout": 10,
      "points": 10
    },
    {
      "name": "Test 1_3",
      "setup": "unzip -o -q test_1.zip",
      "run": "./a.out",
      "input": "",
      "output": "1587",
      "comparison": "included",
      "timeout": 10,
      "points": 10
    },
    {
      "name": "Test 1_4",
      "setup": "unzip -o -q test_1.zip",
      "run": "./a.out",
      "input": "",
      "output": "(513, 51)\r\n(510, 70)",
      "comparison": "included",
      "timeout": 10,
      "points": 10
    },
    {
      "name": "Test 2_1",
      "setup": "unzip -o -q test_2.zip",
      "run": "./a.out",
      "input": "",
      "output": "(20, 1)\r\n(14, 2)\r\n(31, 3)\r\n(13, 4)\r\n(15, 5)\r\n(9, 6)\r\n(32, 7)\r\n(19, 8)\r\n(28, 9)\r\n(38, 10)\r\n(10, 11)\r\n(30, 12)\r\n(30, 13)\r\n(27, 14)\r\n(19, 15)\r\n(34, 16)\r\n(40, 17)\r\n(28, 18)\r\n(10, 19)\r\n(10, 20)\r\n(30, 21)\r\n(2, 22)\r\n(16, 23)\r\n(32, 24)\r\n(11, 25)\r\n(40, 26)\r\n(15, 27)\r\n(7, 28)\r\n(14, 29)\r\n(3, 30)\r\n(2, 31)\r\n(12, 32)\r\n(37, 33)\r\n(14, 34)\r\n(12, 35)\r\n(12, 36)\r\n(22, 37)\r\n(0, 38)\r\n(12, 39)\r\n(11, 40)\r\n(28, 41)",
      "comparison": "included",
      "timeout": 10,
      "points": 10
    },
    {
      "name": "Test 2_2",
      "setup": "unzip -o -q test_2.zip",
      "run": "./a.out",
      "input": "",
      "output": "0 38\r\n38 28\r\n28 41",
      "comparison": "included",
      "timeout": 10,
      "points": 10
    },
    {
      "name": "Test 2_3",
      "setup": "unzip -o -q test_2.zip",
      "run": "./a.out",
      "input": "",
      "output": "2231",
      "comparison": "included",
      "timeout": 10,
      "points": 10
    },
    {
      "name": "Test 2_4",
      "setup": "unzip -o -q test_2.zip",
      "run": "./a.out",
      "input": "",
      "output": "(493, 860)\r\n(487, 847)",
      "comparison": "included",
      "timeout": 10,
      "points": 10
    }
  ]
}